{
  "features": [
    [
      0.9382838059759977,
      -0.5160447282173739,
      0.09612077694098337
    ],
    [
      -0.4622752887050425,
      -0.4344962274323156,
      -0.30917212346863937
    ],
    [
      0.22213377163371284,
      -0.4787486216634773,
      1.2557561255735208
    ]
  ],
  "expected": [
    2.9791611072130744,
    -0.7535983372759149,
    2.175307340614567
  ]
}